airport_code,airport_name,airport_city_name
ZOE,Richards Field,Bluff
FGJ,Middlekoop Airport,Pointe-à-Pitre
LND,Lanham Field,Wringinputih
QWI,Helblad Airport,Si Satchanalai
ZBK,Pluhar Airport,Kut Chap
KQI,Teufel Heliport,Yong’an
PCL,Emergency Helipad,Amos
POS,Hensley Airpark,Tungelsta
HLI,Pocock Airport,Sasnovy Bor
VKP,Hummingbird Heliport,Ebu
WRA,Dutch Gap Airstrip,Bendan
PEB,Ozark Skies Airpark,Kotovo
PMX,Spotts Field,Andovoranto
AHI,Hardy Airport,Priargunsk
TWX,Midwest Heliport,Malveira
LBI,Breezecroft Airport,Kanlagay
LFN,Drisko Airport,Habartov
MSA,Jones Landing,Douliu
CTO,Mc Kay Airport,Orneta
NKH,Hawk Haven Airport,Har Nur
KSO,Hilde-Griff Field,Sintung Timur
VZY,Oljato Airport,Ðà Lạt
OYJ,Bondair Airport,Tembau
YDH,Flat Creek Field,Sulop
WML,Jecan Airport,Metz
TFM,Sinele Strip,Sanjinquan
SPB,Tembec Heliport,Goragorskiy
UCR,Randall Airport,San-Pédro
PZK,Grawunder Field,Krousón
YFI,Ainsworth Airport,Turangi
RTV,Glaser Field,Bluff
XZQ,Campbell Field,Pointe-à-Pitre
LPW,Tackaberry Airport,Wringinputih
VQF,Morrilton Airport,Si Satchanalai
UXC,Heape Field,Kut Chap
ELJ,Lake Sexton Airport,Yong’an
UBR,Folmar Airport,Amos
SUP,Cuddihy Field,Tungelsta
EUN,Fisher Airport,Sasnovy Bor
YZN,Kistler Ranch Airport,Ebu
AJY,Duda Airstrip,Bendan
TNF,Symms Airport,Kotovo
UZS,Alderson Airport,Andovoranto
DNV,Sauer Airport,Priargunsk
ABW,Aeleron Airport,Malveira
