city_name,city_timezone
Bluff,Pacific/Auckland
Pointe-à-Pitre,America/Guadeloupe
Wringinputih,Asia/Jakarta
Si Satchanalai,Asia/Bangkok
Kut Chap,Asia/Bangkok
Yong’an,Asia/Chongqing
Amos,America/Montreal
Tungelsta,Europe/Stockholm
Sasnovy Bor,Europe/Minsk
Ebu,Asia/Chongqing
Bendan,Asia/Jakarta
Kotovo,Europe/Volgograd
Andovoranto,Indian/Antananarivo
Priargunsk,Asia/Yakutsk
Malveira,Europe/Lisbon
Kanlagay,Asia/Manila
Habartov,Europe/Prague
Douliu,Asia/Taipei
Orneta,Europe/Warsaw
Har Nur,Asia/Harbin
Sintung Timur,Asia/Makassar
Ðà Lạt,Asia/Ho_Chi_Minh
Tembau,Asia/Makassar
Sulop,Asia/Manila
Metz,Europe/Paris
Sanjinquan,Asia/Harbin
Goragorskiy,Europe/Moscow
San-Pédro,Africa/Abidjan
Krousón,Europe/Athens
Turangi,Pacific/Auckland
