passenger_id,passenger_firstname,passenger_lastname,passenger_phone,passenger_email
CS-491180,Gray,Dumpleton,6379620554,gdumpleton0@comsenz.com
EG-886358,Rosalyn,Swales,7649855917,rswales1@java.com
IE-653031,Caspar,Locarno,3683933432,clocarno2@mediafire.com
HO-407682,Daryl,Cockayme,2101878648,dcockayme3@vistaprint.com
FL-453650,Camile,Elsmore,5087100803,celsmore4@netlog.com
EC-837625,Armando,Sturton,5627819546,asturton5@ifeng.com
SZ-631136,Herminia,McMenamie,9344713323,hmcmenamie6@omniture.com
CP-503859,Yolanthe,Nice,2125994853,ynice7@loc.gov
XS-174472,Belle,Matzl,3108972251,bmatzl8@amazonaws.com
KI-928007,Audry,Bonick,4705052855,abonick9@slate.com
GE-338454,Meridith,Stoffer,7225003095,mstoffera@tinypic.com
ZN-380845,Matthew,Pleass,4173077016,mpleassb@eventbrite.com
EP-618099,Fran,Lilley,1612109979,flilleyc@tumblr.com
QW-402233,Terri,Bluschke,6995070098,tbluschked@bing.com
SI-218912,Winnie,Simenon,7987695159,wsimenone@ovh.net
JR-763814,Alfons,Enderle,2565973117,aenderlef@squarespace.com
WN-257372,Jacky,Jouanot,9143789117,jjouanotg@buzzfeed.com
WX-754660,Ora,Longhorne,5938818249,olonghorneh@dyndns.org
NM-917968,Georg,Fernez,3224522893,gfernezi@foxnews.com
HO-752558,Paco,Bernardotti,7225650983,pbernardottij@domainmarket.com
KP-668955,Piggy,MacTrustrie,1326452581,pmactrustriek@sakura.ne.jp
EC-445313,Kinnie,Cleworth,8142797274,kcleworthl@sbwire.com
HA-932915,Sascha,Tuley,7227382001,stuleym@dyndns.org
DJ-543219,Edi,McCracken,2712992466,emccrackenn@barnesandnoble.com
RO-758020,Pippa,Unger,8601409803,pungero@nba.com
SJ-376012,Herminia,Addess,7865603300,haddessp@google.cn
ME-927219,Willdon,Deplacido,5053231389,wdeplacidoq@youtu.be
SW-981974,Evania,Geeraert,6151026331,egeeraertr@g.co
ZI-739879,Niko,Dounbare,7855994935,ndounbares@house.gov
XG-640509,Paxton,Mellish,2648001798,pmellisht@dyndns.org
AL-311449,Barnett,Kingsworth,6424142196,bkingsworthu@vinaora.com
QT-506258,Richard,Terbeek,6734998785,rterbeekv@ocn.ne.jp
JZ-492786,Merle,Broadwell,5235165062,mbroadwellw@ted.com
IA-408438,Eve,Drakers,3049055818,edrakersx@a8.net
PF-519662,Lay,Kennham,1106285812,lkennhamy@technorati.com
VW-956093,Susette,Woodley,4315897690,swoodleyz@marketwatch.com
UP-611734,Rufe,Kamenar,1911853779,rkamenar10@nhs.uk
MA-098433,Lief,Sweetnam,7327955146,lsweetnam11@ebay.co.uk
ZD-321756,Michail,Canfer,8009357442,mcanfer12@nih.gov
QC-214569,Leelah,Rennebach,7472949968,lrennebach13@w3.org
ZG-124627,Conrado,Gravey,4416259630,cgravey14@intel.com
FO-838622,Aube,Dumbarton,3366786942,adumbarton15@infoseek.co.jp
EX-418482,Trace,Silversmidt,2124853800,tsilversmidt16@irs.gov
TK-428786,Ulrike,Farnsworth,1622843914,ufarnsworth17@washingtonpost.com
YK-789808,Delmore,De Bruyn,5341136704,ddebruyn18@mlb.com
CT-889944,Innis,Nizet,9544179374,inizet19@google.com
JP-480954,Gypsy,Beecheno,8317490993,gbeecheno1a@ow.ly
CE-176842,Paxon,Croy,3819446131,pcroy1b@microsoft.com
JM-229269,Leontine,Richmond,9719419453,lrichmond1c@netscape.com
EO-075930,Jacki,Blaxeland,6433919434,jblaxeland1d@photobucket.com
FH-587680,Lacee,Wank,1836980862,lwank1e@virginia.edu
QD-986758,Dalenna,Diemer,8454138184,ddiemer1f@twitpic.com
MV-405976,Sunshine,Drayton,2613028382,sdrayton1g@bravesites.com
JN-211571,Davita,Trusdale,1291607562,dtrusdale1h@domainmarket.com
EW-205966,Kass,Dellatorre,7818058755,kdellatorre1i@123-reg.co.uk
YJ-497775,Ravid,Barck,2235682131,rbarck1j@indiegogo.com
FN-180406,Winnie,Mantz,9909591116,wmantz1k@dmoz.org
EW-342091,Kalli,Wison,6139296085,kwison1l@pinterest.com
HR-067250,Christen,Matveiko,6408809451,cmatveiko1m@canalblog.com
WG-519132,Latia,Brounfield,9317937395,lbrounfield1n@google.cn
KY-440131,Guillaume,Hrinchenko,1436980697,ghrinchenko1o@infoseek.co.jp
JT-268461,Stephan,Filippello,4265911721,sfilippello1p@narod.ru
GZ-829596,Iseabal,Fellows,1444450867,ifellows1q@miitbeian.gov.cn
TL-212595,Gabrila,Toghill,1144601998,gtoghill1r@e-recht24.de
CG-476375,Fifine,Spencers,6197805331,fspencers1s@tinypic.com
GE-780163,Onofredo,Batterham,4981029667,obatterham1t@ca.gov
KR-470664,Norton,Dory,1314716316,ndory1u@wired.com
MU-361710,Elenore,Tabour,8899250467,etabour1v@mac.com
OK-420557,Merwin,Ruslin,4668250124,mruslin1w@ameblo.jp
IQ-694549,Eberhard,Polglase,1029577118,epolglase1x@forbes.com
PT-183476,Linnea,Yashnov,6832203165,lyashnov1y@artisteer.com
NY-790223,Bink,Grabb,7408255485,bgrabb1z@cargocollective.com
LT-253186,Lancelot,Grouen,6968464821,lgrouen20@tiny.cc
OP-952632,Dallas,Judron,8088004188,djudron21@creativecommons.org
QN-268784,Charlot,Boland,4428726699,cboland22@about.me
RU-188295,Maridel,Maureen,7158026250,mmaureen23@tripadvisor.com
OX-062829,Wilhelmina,Sealey,9824888517,wsealey24@virginia.edu
RK-678553,Aurora,Goggen,9168615624,agoggen25@weebly.com
KE-010552,Burgess,Crombleholme,5929098365,bcrombleholme26@nydailynews.com
TE-910297,Fred,Cuseick,8623349571,fcuseick27@economist.com
SO-972151,Morgun,Beecheno,7474300631,mbeecheno28@deliciousdays.com
VT-132486,Betti,Cansdall,1491369504,bcansdall29@51.la
SD-458852,Anthony,Oxer,1157748413,aoxer2a@youku.com
CE-767104,Lynnelle,Dwelley,6082002509,ldwelley2b@typepad.com
QU-424087,Jayme,Burnes,8983317560,jburnes2c@sfgate.com
VX-773299,Archie,Gatland,2452215041,agatland2d@domainmarket.com
TX-608619,Eolanda,Veque,3794372695,eveque2e@google.nl
ZX-920294,Adelind,Field,3886802909,afield2f@nationalgeographic.com
BM-601970,Kimberli,Sigmund,3167522733,ksigmund2g@ask.com
MH-170209,Vidovic,Cornewell,8308514668,vcornewell2h@unblog.fr
BT-450527,Sophey,Cattini,3194566535,scattini2i@networkadvertising.org
RI-833669,Oneida,Govern,1259126279,ogovern2j@tumblr.com
FK-116426,Joelle,Corneil,4121458497,jcorneil2k@buzzfeed.com
QW-867177,Hodge,Hyndley,8987847206,hhyndley2l@netscape.com
RW-457550,Flynn,Wordesworth,9139224556,fwordesworth2m@wp.com
BC-538569,Brnaby,Mathen,4969622140,bmathen2n@xing.com
FA-920675,Diana,Boner,6971735725,dboner2o@loc.gov
UO-033012,Alane,Pinsent,2965672446,apinsent2p@mtv.com
TM-518565,Zenia,Gutcher,1267195798,zgutcher2q@whitehouse.gov
YN-918858,Rae,Willcot,7315361990,rwillcot2r@springer.com
BY-193268,Gussi,Nowak,7137613860,gnowak2s@msu.edu
VR-629284,Nata,Middlebrook,3441052502,nmiddlebrook2t@icio.us
HA-993282,Lisbeth,Petche,3554503313,lpetche2u@go.com
LD-654871,Ives,Dassindale,5069263419,idassindale2v@technorati.com
SB-188282,Elwood,Cadany,8698627449,ecadany2w@flavors.me
PR-674376,Ronica,Kahn,9989929278,rkahn2x@twitpic.com
GK-606600,Ray,Golling,6785125683,rgolling2y@economist.com
QT-355784,Virgie,Fensome,2029288990,vfensome2z@irs.gov
TX-534202,Domenico,Waghorn,5143122138,dwaghorn30@yale.edu
GU-126383,Fabien,Bartholomaus,7233262090,fbartholomaus31@ed.gov
PZ-833009,Taffy,Imlaw,3359745609,timlaw32@boston.com
BY-424544,Lavena,Kellar,5336295184,lkellar33@mapy.cz
UZ-412883,Kate,Gascard,6104561897,kgascard34@uiuc.edu
DF-779723,Brander,Barok,9022398209,bbarok35@cornell.edu
VD-946055,Mill,Bedle,9719158307,mbedle36@histats.com
ZG-342367,Berry,Lanmeid,9535968048,blanmeid37@posterous.com
RE-514265,Rhianna,Kleiser,7599752867,rkleiser38@mail.ru
AN-683255,Melessa,Dewi,9861140193,mdewi39@amazon.co.jp
UG-898964,Park,Allnutt,3658283381,pallnutt3a@nature.com
MY-047053,Augusta,Gianiello,7969527120,agianiello3b@php.net
EO-467905,Cyrillus,Saich,1236803995,csaich3c@springer.com
VK-552533,Quinn,Londesborough,7706987016,qlondesborough3d@digg.com
ZI-470208,Roz,Folkerd,2877826173,rfolkerd3e@last.fm
VY-477816,Lizzie,Emblen,7522291448,lemblen3f@washingtonpost.com
DG-569975,Siffre,Fewkes,7359585514,sfewkes3g@google.cn
XR-090913,Vivien,Jarrel,4456434195,vjarrel3h@hp.com
ZS-903367,Lena,Maric,6006413278,lmaric3i@weebly.com
UM-254532,Osgood,Bagnall,2225984091,obagnall3j@dot.gov
OH-540924,Sallyann,Klimko,5992959968,sklimko3k@discuz.net
VG-793866,Fancy,Mandal,9095738445,fmandal3l@merriam-webster.com
HL-128465,Jud,Salvati,2625932644,jsalvati3m@cbc.ca
JA-969054,Donnajean,Golden,4472893076,dgolden3n@a8.net
LG-792741,Fenelia,Duffyn,9723485871,fduffyn3o@businesswire.com
ZT-344641,Ambros,Eteen,6871536383,aeteen3p@godaddy.com
EQ-046316,Essie,Smedley,4418999790,esmedley3q@chicagotribune.com
LA-399829,Carole,Hardy-Piggin,4439747847,chardypiggin3r@sun.com
XC-675105,Blair,Dono,1225869416,bdono3s@instagram.com
CF-138027,Rockwell,Bassingham,1209669906,rbassingham3t@tuttocitta.it
JS-463697,Rad,Main,4975357437,rmain3u@vk.com
OC-883610,Alfy,Cellone,4428232175,acellone3v@princeton.edu
FP-766265,Waneta,Antonias,5205530846,wantonias3w@fc2.com
RA-840352,Melvin,Hegarty,1343625425,mhegarty3x@tinypic.com
NM-794167,Marcile,Pittham,5297438677,mpittham3y@flickr.com
FO-603743,Aldus,Treneer,1742023332,atreneer3z@usgs.gov
JU-113282,Latashia,Lovell,5723991452,llovell40@acquirethisname.com
CL-638823,Charo,Howman,6083992231,chowman41@bing.com
GA-742515,Lezlie,Kitcher,7243329773,lkitcher42@state.tx.us
WK-216931,Shannon,Gander,8117481530,sgander43@toplist.cz
GM-561141,Gayler,Binder,1509786607,gbinder44@tiny.cc
TK-979194,Drugi,Shevell,7699986681,dshevell45@google.co.uk
UE-841695,Lona,Lamball,6626370299,llamball46@chicagotribune.com
WM-171398,Lukas,Shieldon,2584300777,lshieldon47@sun.com
PS-069799,Tabbitha,Toogood,2832701885,ttoogood48@cnn.com
JM-900206,Gwenette,Albrooke,9103523144,galbrooke49@wufoo.com
UT-439555,Lorrayne,Dewhirst,5168669460,ldewhirst4a@ibm.com
WP-086458,Kennedy,Funcheon,6516239386,kfuncheon4b@hp.com
DM-133707,Dorey,Caspell,3107318632,dcaspell4c@meetup.com
ML-313260,Bail,Lapley,4654979841,blapley4d@sohu.com
MC-451538,Lexie,Kinnard,8534950614,lkinnard4e@accuweather.com
TF-458261,Tanney,Pettersen,2154355180,tpettersen4f@mlb.com
LA-779455,Chadd,Haston,7253565609,chaston4g@goo.ne.jp
ZR-677248,Iris,Gell,3797057571,igell4h@blogtalkradio.com
PK-331116,Chrystel,Pacheco,9416684917,cpacheco4i@virginia.edu
DR-357842,Charla,Schuh,3288581509,cschuh4j@cdc.gov
AM-232482,Salome,Crock,8905303328,scrock4k@furl.net
LB-801052,Mata,Godwyn,3266180872,mgodwyn4l@go.com
XY-168907,Meredithe,Copyn,5502268496,mcopyn4m@blogs.com
HZ-878709,Walton,Phipson,9164226942,wphipson4n@google.com.au
GH-793923,Woodie,Lemerle,5758224863,wlemerle4o@barnesandnoble.com
CH-019620,Guido,Petkens,3091467024,gpetkens4p@gravatar.com
HU-825420,Milicent,Vondrasek,6222348089,mvondrasek4q@va.gov
KZ-411267,Thorin,Bee,7572978992,tbee4r@sbwire.com
DW-081214,Averyl,Chaffe,6858319020,achaffe4s@irs.gov
KB-737739,Frazer,McGlynn,3682155577,fmcglynn4t@stanford.edu
LG-380504,Goober,Nixon,7809527535,gnixon4u@technorati.com
QJ-424973,Jannelle,Death,1734028919,jdeath4v@globo.com
LZ-436818,Penny,Crippen,6208131796,pcrippen4w@a8.net
ZY-571012,Debee,Goude,8595808100,dgoude4x@tripod.com
NO-245035,Mickie,Rawstron,6101467196,mrawstron4y@mlb.com
SM-939846,Kathi,Sepey,7444272113,ksepey4z@wordpress.com
RE-169969,Kareem,Bauser,8895321434,kbauser50@oaic.gov.au
GE-268029,Annabella,Stitfall,9286599659,astitfall51@unc.edu
BQ-210325,Thia,Branford,5554232855,tbranford52@amazon.co.jp
QW-657424,Nannie,Farreil,7687585825,nfarreil53@oakley.com
MA-317729,Linzy,Hearnah,7589760107,lhearnah54@list-manage.com
QU-644516,Eilis,Kern,6274556040,ekern55@alibaba.com
KZ-293356,Ronnie,Dawidman,5148302742,rdawidman56@nbcnews.com
AV-455360,Ross,Stratford,7414398063,rstratford57@comsenz.com
SR-316957,Terrance,Bilsland,6992004853,tbilsland58@ebay.com
RY-203215,Cathyleen,Shakspeare,5127329558,cshakspeare59@scribd.com
BA-290012,Belia,Skeleton,5638547466,bskeleton5a@jalbum.net
XW-190258,Wendye,Aronson,5412641046,waronson5b@cbc.ca
ZN-897759,Chantalle,McCraine,2741331204,cmccraine5c@cnbc.com
UB-695767,Dillie,Guerreiro,1548701946,dguerreiro5d@prweb.com
BV-517088,Hastie,Dibbe,3728015755,hdibbe5e@wunderground.com
EO-738875,Matty,Balchin,9249187685,mbalchin5f@miibeian.gov.cn
BQ-459457,Allyn,Steane,4955145808,asteane5g@nhs.uk
OH-086143,Forrest,D'Antuoni,1439488756,fdantuoni5h@tamu.edu
XW-870407,Damon,Gemnett,7827297205,dgemnett5i@nature.com
UO-953394,Maura,Ambrosoli,3705705751,mambrosoli5j@ucla.edu
